timestamp,accX,accY,accZ,label
0,-5.9,16.6,27.5,correr
16,-2.9000000000000004,14.4,21.200000000000003,correr
32,-2.5,13.9,17.8,correr
48,-2.9000000000000004,12.700000000000001,12.3,correr
64,-3,11.700000000000001,10.5,correr
80,-3.5,9,8.4,correr
96,-3.7,7.6000000000000005,8.5,correr
112,-3.5,4.2,8.1,correr
128,-3.1,0.8,7.7,correr
144,-2.7,-0.6000000000000001,7.5,correr
160,-2.3000000000000003,-3.2,5.7,correr
176,-3.4000000000000004,-4.800000000000001,4.1000000000000005,correr
192,-4.1000000000000005,-5.1000000000000005,4.4,correr
208,-3.9000000000000004,-4.5,4.5,correr
224,-2.3000000000000003,-4,1.8,correr
240,-2.2,-4.1000000000000005,-0.1,correr
256,-3.1,-3.9000000000000004,0.2,correr
272,-5.7,-3,4.5,correr
288,-6.9,-2.4000000000000004,6.7,correr
304,-8.700000000000001,-1.4000000000000001,8,correr
320,-8.1,-1.2000000000000002,4.800000000000001,correr
336,-8.1,-1.2000000000000002,4.800000000000001,correr
352,-6,-1.4000000000000001,3.5,correr
368,-4.1000000000000005,-1.8,2.6,correr
384,-3.8000000000000003,-1.9000000000000001,2.9000000000000004,correr
400,-4.9,-1.8,5.800000000000001,correr
416,-5.7,-1.4000000000000001,7.4,correr
432,-6.1000000000000005,-0.1,9.200000000000001,correr
448,-4.4,1.4000000000000001,9.200000000000001,correr
464,-4,2.3000000000000003,9.1,correr
480,-4.2,4.2,10.8,correr
496,-4.1000000000000005,4.7,12.100000000000001,correr
512,-3.2,5.300000000000001,13.3,correr
528,-2.7,8.4,14.8,correr
544,-2.2,10.200000000000001,15,correr
560,0.30000000000000004,13.200000000000001,16.3,correr
576,-1.4000000000000001,15.700000000000001,21.1,correr
592,-3.6,15.3,22.3,correr
608,-3.8000000000000003,15.5,20.900000000000002,correr
624,-1.1,16.1,17,correr
640,-0.1,16.3,15.8,correr
656,0.4,16.2,18.1,correr
672,-0.5,15,19.900000000000002,correr
688,-0.9,11.5,20.8,correr
704,-0.6000000000000001,8.6,18.3,correr
720,-0.8,7.1000000000000005,16.7,correr
736,-0.8,7.1000000000000005,16.7,correr
752,-3.2,3.6,12.200000000000001,correr
768,-5.4,0.5,10.5,correr
784,-6.300000000000001,-0.7000000000000001,9.600000000000001,correr
800,-6.800000000000001,-2.9000000000000004,7.7,correr
816,-6.7,-3.9000000000000004,6.4,correr
832,-6.6000000000000005,-4.800000000000001,4,correr
848,-5.800000000000001,-5.5,2.9000000000000004,correr
864,-5.1000000000000005,-5.800000000000001,2.6,correr
880,-2.3000000000000003,-4.2,-0.1,correr
896,-1.2000000000000002,-2.7,-1.5,correr
912,-1.8,0.4,-4.1000000000000005,correr
928,-4.800000000000001,-0.4,-3.2,correr
944,-5.800000000000001,-1.1,-1.3,correr
960,-3.2,-1.7000000000000002,1.7000000000000002,correr
976,-0.9,-2.1,1.3,correr
992,0.30000000000000004,-2.9000000000000004,0.7000000000000001,correr
1008,-0.9,-2,1,correr
1024,-1.5,-1.6,1.4000000000000001,correr
1040,-3.2,-1.7000000000000002,2.3000000000000003,correr
1056,-5.6000000000000005,-1.1,2.8000000000000003,correr
1072,-7.800000000000001,-0.30000000000000004,3.6,correr
1088,-11.8,2.8000000000000003,5.6000000000000005,correr
1104,-12.8,5.9,7.7,correr
1120,-12.5,7,8.1,correr
1136,-12.5,7,8.1,correr
1152,-11.5,9.3,12.100000000000001,correr
1168,-10.4,10.3,13.200000000000001,correr
1184,-6.300000000000001,10.700000000000001,12.4,correr
1200,-0.7000000000000001,13,9.700000000000001,correr
1216,2.4000000000000004,14.4,8.8,correr
1232,2.9000000000000004,17.1,13.600000000000001,correr
1248,-6.1000000000000005,18.400000000000002,24,correr
1264,-9.3,18.400000000000002,27.1,correr
1280,-7.2,18.3,23.200000000000003,correr
1296,-4.7,18.5,19.6,correr
1312,-2.3000000000000003,19.200000000000003,15.700000000000001,correr
1328,-3.1,19.400000000000002,15.9,correr
1344,-5,17.400000000000002,17.5,correr
1360,-4.6000000000000005,13.600000000000001,16.7,correr
1376,-4,11.600000000000001,15.600000000000001,correr
1392,-2.9000000000000004,8,12.700000000000001,correr
1408,-3.4000000000000004,5.1000000000000005,10.3,correr
1424,-4,3.8000000000000003,9.4,correr
1440,-5.5,1.4000000000000001,8.1,correr
1456,-7.5,-0.4,7.7,correr
1472,-8,-1.5,7.300000000000001,correr
1488,-8.4,-3.4000000000000004,5.800000000000001,correr
1504,-7.4,-4,4.3,correr
1520,-6.5,-4.2,3.2,correr
1536,-6.5,-4.2,3.2,correr
1552,-1.7000000000000002,-1.5,-1.3,correr
1568,-0.9,0.30000000000000004,-2.2,correr
1584,-2.6,2.5,-1.8,correr
1600,-4.6000000000000005,3.7,-1,correr
1616,-4.9,4,-0.5,correr
1632,-5.1000000000000005,4.4,-1.7000000000000002,correr
1648,-4.800000000000001,4.4,-2.8000000000000003,correr
1664,-4.800000000000001,4.3,-2.7,correr
1680,-6,2.8000000000000003,-0.4,correr
1696,-6.4,1.9000000000000001,0.7000000000000001,correr
1712,-7.1000000000000005,0.6000000000000001,3.5,correr
1728,-7.300000000000001,0.2,5.1000000000000005,correr
1744,-7.4,1.1,7.4,correr
1760,-8.3,3.2,8,correr
1776,-8.5,4.1000000000000005,7.2,correr
1792,-6.800000000000001,4.9,4.800000000000001,correr
1808,-4.7,5.5,3.7,correr
1824,-4.2,5.4,3.6,correr
1840,-4.2,5.6000000000000005,5,correr
1856,-3.6,7.5,6.5,correr
1872,-1.8,9,6.4,correr
1888,6,13.600000000000001,6.300000000000001,correr
1904,1.1,17.3,8.1,correr
1920,-3.9000000000000004,19.3,12.200000000000001,correr
1936,-3.9000000000000004,19.3,12.200000000000001,correr
1952,-7,21,17.400000000000002,correr
1968,-4.5,21.400000000000002,13.9,correr
1984,0,22.5,8.5,correr
2000,0.1,22.5,8.8,correr
2016,-1.1,20.6,11.200000000000001,correr
2032,-3,17.1,14,correr
2048,-3.6,15.4,15,correr
2064,-3.4000000000000004,12.100000000000001,14.4,correr
2080,-2.3000000000000003,9.3,11.9,correr
2096,-2.3000000000000003,8,10.5,correr
2112,-3.7,5.6000000000000005,8.6,correr
2128,-4.7,4.2,8.1,correr
2144,-6.4,1.2000000000000002,7.1000000000000005,correr
2160,-6.4,-1.3,4.7,correr
2176,-6,-1.8,3.4000000000000004,correr
2192,-4.9,-1.1,2,correr
2208,-3.4000000000000004,-0.5,1.5,correr
2224,-2.2,-0.4,1.4000000000000001,correr
2240,0.7000000000000001,1.5,0.5,correr
2256,-1,5.6000000000000005,-0.9,correr
2272,-3.3000000000000003,6.7,-0.1,correr
2288,-8.3,7.6000000000000005,3.7,correr
2304,-9.8,7.1000000000000005,5.1000000000000005,correr
2320,-8.9,6.6000000000000005,4.2,correr
2336,-8.9,6.6000000000000005,4.2,correr
2352,-5.6000000000000005,5.7,2.2,correr
2368,-5.300000000000001,5.300000000000001,2.6,correr
2384,-4.9,3.5,4.1000000000000005,correr
2400,-4.800000000000001,2.7,4.800000000000001,correr
2416,-5.1000000000000005,2,6.300000000000001,correr
2432,-5.4,2.3000000000000003,6.4,correr
2448,-5.300000000000001,2.7,5.300000000000001,correr
2464,-4.4,2.9000000000000004,2.4000000000000004,correr
2480,-3.2,3.3000000000000003,-0.6000000000000001,correr
2496,-3.3000000000000003,3.3000000000000003,-1.9000000000000001,correr
2512,-1.4000000000000001,3.3000000000000003,-1.9000000000000001,correr
2528,-0.1,3.6,-0.8,correr
2544,0.2,5.9,2.2,correr
2560,-0.2,10.4,4.7,correr
2576,1.5,12.9,5.1000000000000005,correr
2592,6.1000000000000005,18.900000000000002,7.300000000000001,correr
2608,-2.4000000000000004,22.5,14.3,correr
2624,-7.6000000000000005,23.400000000000002,18.900000000000002,correr
2640,-11.200000000000001,24.3,20.400000000000002,correr
2656,-8.700000000000001,23.8,15.600000000000001,correr
2672,-7.300000000000001,23.3,13.700000000000001,correr
2688,-5.5,21.3,11.4,correr
2704,-2.7,17.7,9.700000000000001,correr
2720,-1.4000000000000001,15.700000000000001,8.700000000000001,correr
2736,-1.4000000000000001,15.700000000000001,8.700000000000001,correr
2752,-0.1,10.8,7.9,correr
2768,-0.7000000000000001,9.200000000000001,8,correr
2784,-2.5,6,7.6000000000000005,correr
2800,-3.2,4.6000000000000005,6.9,correr
2816,-4.3,2.3000000000000003,5.6000000000000005,correr
2832,-4.7,0.7000000000000001,4.7,correr
2848,-4.6000000000000005,0,4.2,correr
2864,-4,-0.7000000000000001,3.3000000000000003,correr
2880,-3.7,-0.9,3,correr
2896,-2.8000000000000003,-1.3,2.9000000000000004,correr
2912,0.2,-1,2.2,correr
2928,2,0.1,1.4000000000000001,correr
2944,0.6000000000000001,3.9000000000000004,0.2,correr
2960,-2.5,4.9,0.5,correr
2976,-7.7,6,3.6,correr
2992,-6.800000000000001,5.800000000000001,4.2,correr
3008,-5.300000000000001,5.300000000000001,3.1,correr
3024,-2.9000000000000004,4.5,1.3,correr
3040,-2.4000000000000004,4,1.5,correr
3056,-2.7,3.6,2.8000000000000003,correr
3072,-3.8000000000000003,2.2,5.300000000000001,correr
3088,-4.5,1.6,6.4,correr
3104,-4.9,1.8,6.2,correr
3120,-5.5,2.3000000000000003,5,correr
3136,-5.5,2.3000000000000003,5,correr
3152,-4.9,3.3000000000000003,3.3000000000000003,correr
3168,-3.7,4.7,1.6,correr
3184,-4.1000000000000005,6.4,2.1,correr
3200,-4.2,6.7,3.1,correr
3216,-2.8000000000000003,8,4.6000000000000005,correr
3232,-0.2,9.9,7.1000000000000005,correr
3248,1.2000000000000002,11.5,9.4,correr
3264,3,16.1,12.4,correr
3280,1.8,18.3,12.8,correr
3296,-3.1,20.6,14.9,correr
3312,-3.1,20.3,14.4,correr
3328,-1.5,20.400000000000002,12.600000000000001,correr
3344,-0.5,21.400000000000002,11.9,correr
3360,-0.6000000000000001,21.6,12.3,correr
3376,-2.3000000000000003,20.400000000000002,14.3,correr
3392,-3.4000000000000004,17.900000000000002,15.100000000000001,correr
3408,-3.2,16.3,14.700000000000001,correr
3424,-2.7,13.200000000000001,13.4,correr
3440,-2.7,9.600000000000001,11.3,correr
3456,-2.9000000000000004,7.800000000000001,10.200000000000001,correr
3472,-3.9000000000000004,4.4,7.6000000000000005,correr
3488,-4.7,2.1,5.2,correr
3504,-4.9,1.4000000000000001,4.5,correr
3520,-5.300000000000001,0.2,3.8000000000000003,correr
3536,-5.300000000000001,0.2,3.8000000000000003,correr
3552,-4.4,-0.4,2.7,correr
3568,-4.5,-0.4,2.9000000000000004,correr
3584,-2.6,-0.30000000000000004,3.3000000000000003,correr
3600,-1,0.1,2.8000000000000003,correr
3616,0.1,2.8000000000000003,0.8,correr
3632,-3.4000000000000004,4.800000000000001,0.2,correr
3648,-5.6000000000000005,4.800000000000001,0.4,correr
3664,-6.6000000000000005,4.4,0.1,correr
3680,-5.7,4.3,-0.30000000000000004,correr
3696,-2.6,3.8000000000000003,-1.9000000000000001,correr
3712,-0.9,3.4000000000000004,-2.5,correr
3728,0.8,2.8000000000000003,-2.1,correr
3744,-0.9,1.9000000000000001,1.4000000000000001,correr
3760,-2.3000000000000003,1.4000000000000001,3.3000000000000003,correr
3776,-4.2,1,5.1000000000000005,correr
3792,-5.300000000000001,1.6,5.4,correr
3808,-5.4,2,5.2,correr
3824,-4.4,3.3000000000000003,4.6000000000000005,correr
3840,-4.3,4.6000000000000005,5.5,correr
3856,-4.5,5.1000000000000005,6.2,correr
3872,-5.6000000000000005,5.9,9,correr
3888,-5.2,7.6000000000000005,11.5,correr
3904,-4,8.8,11.4,correr
3920,-0.9,10.8,10,correr
3936,-0.9,10.8,10,correr
3952,3.7,14.3,8.6,correr
3968,2.2,17.2,9.1,correr
3984,-3.2,19.5,11.100000000000001,correr
4000,-4.2,20.1,11.3,correr
4016,-2.7,20.900000000000002,8.9,correr
4032,-2,21.200000000000003,8.4,correr
4048,-1.8,20.1,10.4,correr
4064,-2.7,17.7,13.600000000000001,correr
4080,-3.2,16.400000000000002,15.3,correr
4096,-3.4000000000000004,13.9,17.5,correr
4112,-2.5,12.600000000000001,18.1,correr
4128,-1,9.4,17.7,correr
4144,-1.2000000000000002,7.7,16.6,correr
4160,-2,4.6000000000000005,13,correr
4176,-3.3000000000000003,2.3000000000000003,9.4,correr
4192,-4.4,0.4,6.5,correr
4208,-4.800000000000001,-0.2,5.1000000000000005,correr
4224,-5.6000000000000005,-0.30000000000000004,3,correr
4240,-6.7,0.5,2,correr
4256,-6.2,0.2,2.3000000000000003,correr
4272,-2.9000000000000004,-0.30000000000000004,2.3000000000000003,correr
4288,-1.1,0.4,1.8,correr
4304,-0.9,2.7,0.8,correr
4320,-3.5,4.1000000000000005,1.3,correr
4336,-4.5,4.6000000000000005,1.9000000000000001,correr
4352,-4.5,4.6000000000000005,1.9000000000000001,correr
4368,-3.3000000000000003,4.2,0.30000000000000004,correr
4384,-1.8,3.3000000000000003,-1.9000000000000001,correr
4400,-1.2000000000000002,3.3000000000000003,-2.7,correr
4416,-2.3000000000000003,3,-2.9000000000000004,correr
4432,-3.3000000000000003,2.3000000000000003,-2.4000000000000004,correr
4448,-5.2,0.4,-0.1,correr
4464,-5.5,-1.1,2.6,correr
4480,-5.300000000000001,-1.4000000000000001,3.9000000000000004,correr
4496,-4.6000000000000005,-0.7000000000000001,6.2,correr
4512,-4.4,0,6.7,correr
4528,-4.1000000000000005,2.2,6.4,correr
4544,-3.7,4.6000000000000005,5.6000000000000005,correr
4560,-4,5.9,5.5,correr
4576,-4.2,8,5.5,correr
4592,-4,9.200000000000001,5.6000000000000005,correr
4608,-2.4000000000000004,12.700000000000001,6.5,correr
4624,0.8,17.400000000000002,7.9,correr
4640,-3.6,21.400000000000002,11.700000000000001,correr
4656,-7,22.200000000000003,14.600000000000001,correr
4672,-8.3,21.8,16.6,correr
4688,-7.7,21.1,16.2,correr
4704,-4.5,19.8,16.1,correr
4720,-2.1,17.6,17.2,correr
4736,-1.6,15.3,19.5,correr
4752,-1.6,15.3,19.5,correr
4768,-1.9000000000000001,13.100000000000001,18.400000000000002,correr
4784,-2.3000000000000003,12.5,16.8,correr
4800,-2.5,11.3,12.5,correr
4816,-2.8000000000000003,9.600000000000001,7.800000000000001,correr
4832,-3.3000000000000003,8.5,5.800000000000001,correr
4848,-4.1000000000000005,6.1000000000000005,3.1,correr
4864,-4.2,4.9,2.5,correr
4880,-4.800000000000001,2.9000000000000004,2.5,correr
4896,-4.800000000000001,1,3,correr
4912,-4.3,0,2.7,correr
4928,-2.7,-0.8,2.8000000000000003,correr
4944,-1,-1.1,4,correr
4960,0.30000000000000004,-1.1,4.5,correr
4976,1.6,-0.1,3.9000000000000004,correr
4992,0.6000000000000001,1.1,3.3000000000000003,correr
5008,-2,3.8000000000000003,1.7000000000000002,correr
5024,-3.7,5,0.1,correr
5040,-3.6,5.300000000000001,0.1,correr
5056,-2.1,5.1000000000000005,-0.2,correr
5072,-1.3,4.7,-0.2,correr
5088,-2.3000000000000003,4.2,0.5,correr
5104,-4.1000000000000005,3.3000000000000003,2.1,correr
5120,-4.9,2,3.9000000000000004,correr
5136,-4.800000000000001,1.2000000000000002,4.6000000000000005,correr
5152,-4.800000000000001,1.2000000000000002,4.6000000000000005,correr
5168,-4,0.5,5.7,correr
5184,-4.2,0.9,5.6000000000000005,correr
5200,-4.9,1.9000000000000001,3.9000000000000004,correr
5216,-4.9,2.8000000000000003,2.3000000000000003,correr
5232,-3.9000000000000004,3.8000000000000003,1.7000000000000002,correr
5248,-3.3000000000000003,6.6000000000000005,1.4000000000000001,correr
5264,-4.6000000000000005,7.300000000000001,3,correr
5280,-6,8,6.2,correr
5296,-3.6,10.5,6.5,correr
5312,-1.2000000000000002,12.200000000000001,6.2,correr
5328,4,16.8,6.2,correr
5344,3.1,19,7.5,correr
5360,-3.2,21.5,14.3,correr
5376,-6.6000000000000005,21.6,20,correr
5392,-6.5,21.200000000000003,20,correr
5408,-5.1000000000000005,20.700000000000003,17.1,correr
5424,-2.6,19.5,14.200000000000001,correr
5440,-1.7000000000000002,18.400000000000002,13.200000000000001,correr
5456,-0.8,15.700000000000001,12.4,correr
5472,-0.6000000000000001,13.4,10.9,correr
5488,-1,12.5,10,correr
5504,-2.6,11.100000000000001,8.8,correr
5520,-4.3,8.8,7.5,correr
5536,-5,7.4,6.6000000000000005,correr
5552,-5,7.4,6.6000000000000005,correr
5568,-4.9,4.1000000000000005,3.9000000000000004,correr
5584,-4.4,3.3000000000000003,3.2,correr
5600,-3.8000000000000003,2,2.4000000000000004,correr
5616,-4,1.8,2.1,correr
5632,-4,1.9000000000000001,2.2,correr
5648,-3.2,1.4000000000000001,2.6,correr
5664,-2.3000000000000003,1.3,2.6,correr
5680,-0.6000000000000001,2.2,3,correr
5696,-0.6000000000000001,4,3.4000000000000004,correr
5712,-1.5,4.2,3.3000000000000003,correr
5728,-2.8000000000000003,4,3.3000000000000003,correr
5744,-3,4,3.8000000000000003,correr
5760,-2.4000000000000004,4.4,3,correr
5776,-1.8,3.8000000000000003,0.7000000000000001,correr
5792,-1.5,3.9000000000000004,-0.5,correr
5808,-2.4000000000000004,4.1000000000000005,-0.9,correr
5824,-4,2.3000000000000003,1.1,correr
5840,-4.2,1.3,1.9000000000000001,correr
5856,-4.2,0,3.4000000000000004,correr
5872,-4.6000000000000005,-0.1,4.3,correr
5888,-4.7,0.30000000000000004,4.6000000000000005,correr
5904,-4.4,1.6,5.1000000000000005,correr
5920,-3.5,3.2,6.2,correr
5936,-3.4000000000000004,3.9000000000000004,6.6000000000000005,correr
5952,-3.4000000000000004,3.9000000000000004,6.6000000000000005,correr
5968,-3.8000000000000003,6.5,5.300000000000001,correr
5984,-3.7,7.4,4.7,correr
6000,-3.4000000000000004,9.9,5,correr
6016,-1.4000000000000001,12.4,6.300000000000001,correr
6032,0.2,14.3,6.6000000000000005,correr
6048,-1.3,18.3,8.9,correr
6064,-4.4,19.200000000000003,11.9,correr
6080,-8.4,20,19.200000000000003,correr
6096,-8,19.8,20.900000000000002,correr
6112,-4,19,19.200000000000003,correr
6128,-0.5,18.6,17.400000000000002,correr
6144,-0.8,18.2,17.2,correr
6160,-2.2,16.900000000000002,16.5,correr
6176,-2.9000000000000004,14.9,13.9,correr
6192,-2.6,13.8,12.200000000000001,correr
6208,-2.4000000000000004,11.4,9.3,correr
6224,-2.6,10.3,8,correr
6240,-3,7.9,5.7,correr
6256,-3.7,5.7,4.2,correr
6272,-4,4.1000000000000005,3.5,correr
6288,-4.2,3.4000000000000004,3.3000000000000003,correr
6304,-4.9,2.1,3.3000000000000003,correr
6320,-4.7,0.6000000000000001,2.6,correr
6336,-4.1000000000000005,0.1,2.1,correr
6352,-4.1000000000000005,0.1,2.1,correr
6368,-0.7000000000000001,0,3.2,correr
6384,0.5,0.4,3.6,correr
6400,0.7000000000000001,2.3000000000000003,3,correr
6416,-0.7000000000000001,2.8000000000000003,2.3000000000000003,correr
6432,-3,3.7,2.2,correr
6448,-2.3000000000000003,4.1000000000000005,2.1,correr
6464,-1.6,3.8000000000000003,1,correr
6480,-0.4,3.2,-0.5,correr
6496,-0.8,2.9000000000000004,-0.2,correr
6512,-2.7,1.7000000000000002,1.4000000000000001,correr
6528,-3.4000000000000004,1,2.3000000000000003,correr
6544,-5,0.2,3.8000000000000003,correr
6560,-5.9,0.1,4.3,correr
6576,-4.6000000000000005,0.4,4.3,correr
6592,-4.2,0.7000000000000001,4.3,correr
6608,-4.4,2.6,4.2,correr
6624,-4.4,4,4.1000000000000005,correr
6640,-5.2,6.2,4,correr
6656,-8.8,7.7,5.800000000000001,correr
6672,-9,7.7,7.300000000000001,correr
6688,-5.1000000000000005,9.5,7.5,correr
6704,-0.30000000000000004,12.8,7.6000000000000005,correr
6720,1.6,15.5,7.800000000000001,correr
6736,-0.1,19.8,10.200000000000001,correr
6752,-0.1,19.8,10.200000000000001,correr
6768,-6.5,23.3,15.200000000000001,correr
6784,-6.7,23.8,15,correr
6800,-5.1000000000000005,24.200000000000003,11.700000000000001,correr
6816,-3.7,24.1,10.8,correr
6832,-2,22.1,12.200000000000001,correr
6848,-1.8,18.5,14.5,correr
6864,-1.4000000000000001,16.400000000000002,15.100000000000001,correr
6880,-0.6000000000000001,12.8,14.3,correr
6896,-0.7000000000000001,11.5,13.200000000000001,correr
6912,-2.1,9.1,10.600000000000001,correr
6928,-3.1,7.800000000000001,9.1,correr
6944,-4.800000000000001,5,6.4,correr
6960,-5.800000000000001,2.6,4.3,correr
6976,-5.9,1.6,3.5,correr
6992,-4.800000000000001,0.4,2,correr
7008,-3.8000000000000003,0.9,1.2000000000000002,correr
7024,-3.9000000000000004,1,1.5,correr
7040,-3.8000000000000003,0.9,2.5,correr
7056,-2.5,1.8,2.8000000000000003,correr
7072,-2.4000000000000004,2.8000000000000003,2.5,correr
7088,-2.9000000000000004,3.9000000000000004,2.1,correr
7104,-3.4000000000000004,3.7,1.8,correr
7120,-3.8000000000000003,3.5,2.3000000000000003,correr
7136,-3,3.6,1.2000000000000002,correr
7152,-3,3.6,1.2000000000000002,correr
7168,-2.2,4,-2.8000000000000003,correr
7184,-3.4000000000000004,4.3,-2.9000000000000004,correr
7200,-4.800000000000001,3.1,-1.6,correr
7216,-5.300000000000001,1.8,-0.7000000000000001,correr
7232,-5.5,0.1,1.3,correr
7248,-5.800000000000001,0,3.1,correr
7264,-6.2,0.7000000000000001,3.8000000000000003,correr
7280,-7,2.4000000000000004,5.300000000000001,correr
7296,-7.2,3.2,5.9,correr
7312,-5.800000000000001,4.7,5.2,correr
7328,-5,5.5,4.1000000000000005,correr
7344,-5.2,6.6000000000000005,4.5,correr
7360,-5.6000000000000005,7.6000000000000005,6.7,correr
7376,-4.800000000000001,8.9,7,correr
7392,-1.9000000000000001,11.100000000000001,6.6000000000000005,correr
7408,2.6,14.9,6.4,correr
7424,3.2,17.3,7.6000000000000005,correr
7440,-3.8000000000000003,20.700000000000003,11.9,correr
7456,-9.8,23.1,16,correr
7472,-9,23.3,15.3,correr
7488,-4.3,23.200000000000003,11.100000000000001,correr
7504,-2,22.5,11.8,correr
7520,-2.4000000000000004,21.200000000000003,13.5,correr
7536,-3.1,17.900000000000002,15.700000000000001,correr
7552,-3.1,17.900000000000002,15.700000000000001,correr
7568,-2.1,12.3,15.100000000000001,correr
7584,-1.5,10.700000000000001,14,correr
7600,-2.2,7.9,11.9,correr
7616,-3.1,6.5,10.9,correr
7632,-5,3.7,8.8,correr
7648,-5.7,2.4000000000000004,7.800000000000001,correr
7664,-6.6000000000000005,0.2,5.7,correr
7680,-6.800000000000001,-0.7000000000000001,3.7,correr
7696,-6.800000000000001,-0.6000000000000001,3.2,correr
7712,-6.1000000000000005,-0.5,2.9000000000000004,correr
7728,-5.1000000000000005,-0.8,2.6,correr
7744,-1.5,-0.6000000000000001,1.2000000000000002,correr
7760,-0.1,2.1,0.1,correr
7776,-1,3.4000000000000004,-0.30000000000000004,correr
7792,-3.3000000000000003,4.800000000000001,-1.1,correr
7808,-4.800000000000001,5.5,-1.1,correr
7824,-4.800000000000001,5.800000000000001,-1.4000000000000001,correr
7840,-3.7,5.4,-2.7,correr
7856,-4.5,4.5,-2.2,correr
7872,-4.9,3.7,-1.2000000000000002,correr
7888,-5.1000000000000005,1.7000000000000002,0.7000000000000001,correr
7904,-5.2,0.7000000000000001,1.8,correr
7920,-5.4,-0.4,4.2,correr
7936,-6.6000000000000005,0.5,6.5,correr
7952,-6.6000000000000005,0.5,6.5,correr
7968,-6.5,2.1,6,correr
7984,-4.800000000000001,3,3.7,correr
8000,-4,4.1000000000000005,1.8,correr
8016,-4.4,4.6000000000000005,1.8,correr
8032,-4.6000000000000005,4.9,3.9000000000000004,correr
8048,-4.1000000000000005,5.4,5.5,correr
8064,-3.1,8.4,8.8,correr
8080,-1.5,13.3,11.100000000000001,correr
8096,0.30000000000000004,15.8,12.3,correr
8112,-0.5,18.900000000000002,14.600000000000001,correr
8128,-3,19.1,16.7,correr
8144,-5.2,20.3,19.8,correr
8160,-3.9000000000000004,21.1,16.400000000000002,correr
8176,-2.7,21.1,13.9,correr
8192,-1.7000000000000002,21.3,12.100000000000001,correr
8208,-2.3000000000000003,20.5,12.4,correr
8224,-2.7,17.5,13,correr
8240,-2,14.100000000000001,12.8,correr
8256,-1.3,11.4,11,correr
8272,-1.6,10.100000000000001,9.9,correr
8288,-2.7,7.5,7.300000000000001,correr
8304,-3.4000000000000004,6.300000000000001,6.1000000000000005,correr
8320,-4.1000000000000005,4,4.1000000000000005,correr
8336,-3.9000000000000004,2.2,3.3000000000000003,correr
8352,-3.9000000000000004,2.2,3.3000000000000003,correr
8368,-3.9000000000000004,0.8,3.4000000000000004,correr
8384,-4.1000000000000005,0,3.3000000000000003,correr
8400,-4.4,0,3.4000000000000004,correr
8416,-4,0,3.7,correr
8432,-1.7000000000000002,-0.1,3.8000000000000003,correr
8448,0,0.4,3.3000000000000003,correr
8464,1.2000000000000002,2.8000000000000003,1.4000000000000001,correr
8480,0.5,4.1000000000000005,0.30000000000000004,correr
8496,-3,5.9,0,correr
8512,-8.1,7,2.1,correr
8528,-9.1,7.7,2.7,correr
8544,-9.1,7.1000000000000005,1.7000000000000002,correr
8560,-8.200000000000001,4.9,0.4,correr
8576,-7.6000000000000005,3.5,0.6000000000000001,correr
8592,-6.7,1.1,2.3000000000000003,correr
8608,-6.2,0.2,3.3000000000000003,correr
8624,-6,-0.6000000000000001,5.300000000000001,correr
8640,-5.5,-0.1,6.7,correr
8656,-5.1000000000000005,0.30000000000000004,6.6000000000000005,correr
8672,-3.3000000000000003,0.6000000000000001,4.800000000000001,correr
8688,-1.4000000000000001,1.4000000000000001,2.9000000000000004,correr
8704,-1.6,2.8000000000000003,2.6,correr
8720,-2,3.4000000000000004,3.5,correr
8736,-2.7,5.5,6,correr
8752,-2.7,5.5,6,correr
8768,-1.9000000000000001,9,8.8,correr
8784,1.9000000000000001,14.700000000000001,10,correr
8800,2.1,17.8,10,correr
8816,-4.3,21.200000000000003,12.8,correr
8832,-7.300000000000001,23.700000000000003,16.5,correr
8848,-7.6000000000000005,23.700000000000003,17.2,correr
8864,-7,23.5,16.2,correr
8880,-5.5,23.1,15.700000000000001,correr
8896,-4.2,21.200000000000003,14.8,correr
8912,-3.4000000000000004,18.1,14,correr
8928,-2.8000000000000003,16.2,13.100000000000001,correr
8944,-1.8,12.700000000000001,11.3,correr
8960,-1.5,11.200000000000001,10.4,correr
8976,-2,8.700000000000001,8.6,correr
8992,-3.6,6.4,7,correr
9008,-4.6000000000000005,5.1000000000000005,6.2,correr
9024,-5.1000000000000005,2.6,4.5,correr
9040,-4.800000000000001,1.6,3.9000000000000004,correr
9056,-4.1000000000000005,0,2.8000000000000003,correr
9072,-3.5,-0.8,1.7000000000000002,correr
9088,-2.8000000000000003,-0.6000000000000001,1.8,correr
9104,-2.4000000000000004,-0.5,1.8,correr
9120,-0.5,-0.1,1,correr
9136,1.5,2.5,1.7000000000000002,correr
9152,1.5,2.5,1.7000000000000002,correr
9168,-1.8,5,4,correr
9184,-6.9,5.4,4.9,correr
9200,-8.8,5.1000000000000005,5.800000000000001,correr
9216,-8.3,5.2,5,correr
9232,-4.9,4.5,2,correr
9248,-3.8000000000000003,4.1000000000000005,0.8,correr
9264,-3.1,3.3000000000000003,0.2,correr
9280,-3.3000000000000003,2.6,0.7000000000000001,correr
9296,-4.1000000000000005,1.1,2.9000000000000004,correr
9312,-4.7,0.7000000000000001,4.9,correr
9328,-4.7,1,5.5,correr
9344,-4.800000000000001,1.8,5.1000000000000005,correr
9360,-4.800000000000001,2.3000000000000003,4.4,correr
9376,-4.800000000000001,3.4000000000000004,2.8000000000000003,correr
9392,-4.3,4.6000000000000005,2.5,correr
9408,-4.2,4.9,2.6,correr
9424,-3.9000000000000004,5.300000000000001,3.3000000000000003,correr
9440,-3.7,6,6.7,correr
9456,-2.6,7.5,7.9,correr
9472,0.9,11.8,10.700000000000001,correr
9488,1.5,17.2,14.600000000000001,correr
9504,-1.5,18.5,16.7,correr
9520,-6.300000000000001,20.1,20.6,correr
9536,-5.300000000000001,20.400000000000002,20.3,correr
9552,-5.300000000000001,20.400000000000002,20.3,correr
9568,-3.8000000000000003,21,17.2,correr
9584,-3.8000000000000003,20.900000000000002,16.2,correr
9600,-3.6,19.900000000000002,16.1,correr
9616,-2.7,16.6,15.700000000000001,correr
9632,-2.3000000000000003,14.9,15.100000000000001,correr
9648,-2.6,12.4,14.200000000000001,correr
9664,-3.7,10,12.100000000000001,correr
9680,-4.2,8.6,10.600000000000001,correr
9696,-4.9,5.5,7.300000000000001,correr
9712,-4.800000000000001,4.2,5.5,correr
9728,-5.4,2.6,3.6,correr
9744,-6.1000000000000005,1.3,3.2,correr
9760,-6.2,0.8,3.3000000000000003,correr
9776,-6.5,-0.4,3.8000000000000003,correr
9792,-5.2,-1.6,4.6000000000000005,correr
9808,-3.2,-1.9000000000000001,4.1000000000000005,correr
9824,0.1,-1.1,2.3000000000000003,correr
9840,0,-0.5,1.3,correr
9856,-4,0.30000000000000004,-0.30000000000000004,correr
9872,-6.9,1.5,-0.5,correr
9888,-6.6000000000000005,1.9000000000000001,-0.7000000000000001,correr
9904,-5.9,1.4000000000000001,-1.1,correr
9920,-3,0.30000000000000004,-1.8,correr
9936,-0.8,-0.2,-1.5,correr
9952,-0.8,-0.2,-1.5,correr
9968,-2.6,-1,0.5,correr
9984,-5.9,-1.3,3,correr
10000,-6.4,-1.3,3.5,correr
10016,-5.5,-0.7000000000000001,3.8000000000000003,correr
10032,-6.1000000000000005,0,4.7,correr
10048,-8.8,2.3000000000000003,9,correr
10064,-10.5,4.7,12.700000000000001,correr
10080,-9.4,5.6000000000000005,12.4,correr
10096,-5.5,7,8.700000000000001,correr
10112,-4.1000000000000005,7.9,7.6000000000000005,correr
10128,-4.2,8.4,7.9,correr
10144,0.1,9.5,7.7,correr
10160,1.7000000000000002,11.9,8.4,correr
10176,2.2,16.3,12.5,correr
10192,-2,18.3,15.4,correr
10208,-10.9,20.700000000000003,20.200000000000003,correr
10224,-9.200000000000001,21.1,17.6,correr
10240,-6.7,21.3,13,correr
10256,-6.4,21.5,12.700000000000001,correr
10272,-7,20.5,13.600000000000001,correr
10288,-6.7,19.3,14.100000000000001,correr
10304,-5,16.1,14.700000000000001,correr
10320,-3.9000000000000004,12.9,14.600000000000001,correr
10336,-4.1000000000000005,11.600000000000001,13,correr
10352,-4.1000000000000005,11.600000000000001,13,correr
10368,-6,7.9,7.6000000000000005,correr
10384,-6,5.2,4.5,correr
10400,-5.9,4.1000000000000005,3.1,correr
10416,-5.6000000000000005,2.2,2.3000000000000003,correr
10432,-5.4,1.2000000000000002,2.2,correr
10448,-5.2,-0.1,2,correr
10464,-5.800000000000001,-0.5,2.5,correr
10480,-5.5,-0.4,2.8000000000000003,correr
10496,-4,0.30000000000000004,4.5,correr
10512,-3.4000000000000004,0.30000000000000004,5.4,correr
10528,-2.7,0.8,5,correr
10544,-4.2,2.5,1.2000000000000002,correr
10560,-5.1000000000000005,3.6,-0.1,correr
10576,-5.7,5.1000000000000005,-0.4,correr
10592,-5.300000000000001,4.800000000000001,-0.1,correr
10608,-3.6,2.7,-0.30000000000000004,correr
10624,-1.8,1.2000000000000002,0.30000000000000004,correr
10640,-1.6,0.9,1.2000000000000002,correr
10656,-3.8000000000000003,0.1,3.9000000000000004,correr
10672,-6.5,0,6.300000000000001,correr
10688,-6.4,0.4,7.4,correr
10704,-5.7,0.7000000000000001,7.5,correr
10720,-4.3,1.6,6.300000000000001,correr
10736,-3.8000000000000003,2.2,5.4,correr
10752,-3.8000000000000003,2.2,5.4,correr
10768,-3.6,5.4,2.7,correr
10784,-5.6000000000000005,6.6000000000000005,3.3000000000000003,correr
10800,-6,6.7,3.5,correr
10816,-4.5,7.800000000000001,4.7,correr
10832,-3.8000000000000003,9.4,5.5,correr
10848,-1.5,14,7.9,correr
10864,-1.1,16.6,9.200000000000001,correr
10880,-6.6000000000000005,19.1,12.100000000000001,correr
10896,-9.4,19.6,14.5,correr
10912,-7.9,19.900000000000002,14.200000000000001,correr
10928,-4.3,20.700000000000003,12.8,correr
10944,-2.5,20.200000000000003,13.8,correr
10960,-1.8,19.8,14.5,correr
10976,-1.9000000000000001,17.900000000000002,15.600000000000001,correr
10992,-2.6,16.900000000000002,15.700000000000001,correr
11008,-3.5,14.5,14.4,correr
11024,-3.9000000000000004,12.3,11.700000000000001,correr
11040,-4.2,11,10.200000000000001,correr
11056,-5,8.4,7.300000000000001,correr
11072,-5.1000000000000005,5.4,5.300000000000001,correr
11088,-5.2,4.1000000000000005,4.7,correr
11104,-5.7,1.7000000000000002,4.2,correr
11120,-5.5,0.4,4.2,correr
11136,-5.5,0.2,4.4,correr
11152,-5.5,0.2,4.4,correr
11168,-5.2,-0.7000000000000001,4.9,correr
11184,-4.1000000000000005,-0.9,4.4,correr
11200,-2.2,-0.4,3.4000000000000004,correr
11216,-1.9000000000000001,0.4,2.1,correr
11232,-2.3000000000000003,0.6000000000000001,1,correr
11248,-3.4000000000000004,1.3,0.2,correr
11264,-3.4000000000000004,1.7000000000000002,0.1,correr
11280,-1.4000000000000001,2.5,-1.5,correr
11296,-0.1,2.3000000000000003,-4.6000000000000005,correr
11312,-0.5,2.4000000000000004,-5.1000000000000005,correr
11328,-2.8000000000000003,2.3000000000000003,-4.2,correr
11344,-4.6000000000000005,1.4000000000000001,-2.8000000000000003,correr
11360,-7.9,-0.1,0.8,correr
11376,-8.3,-0.9,4.2,correr
11392,-7.4,-0.9,5.300000000000001,correr
11408,-6.1000000000000005,0.7000000000000001,7.9,correr
11424,-7.300000000000001,3.2,10.200000000000001,correr
11440,-8,4.5,10.3,correr
11456,-7.300000000000001,6.5,8.3,correr
11472,-3.5,7.5,4.5,correr
11488,-1.8,7.800000000000001,3,correr
11504,-2.3000000000000003,10,5.1000000000000005,correr
11520,-2,12.3,7.5,correr
11536,-0.1,17.7,9,correr
11552,-0.1,17.7,9,correr
11568,-1.7000000000000002,22.8,13.8,correr
11584,-3.6,21.900000000000002,17.8,correr
11600,-5.7,21.400000000000002,23.8,correr
11616,-5.6000000000000005,20.400000000000002,21.8,correr
11632,-4.3,19.8,18.400000000000002,correr
11648,-2.2,17.5,12.200000000000001,correr
11664,-1.5,15.5,10.4,correr
11680,0.8,11.4,10.200000000000001,correr
11696,2.3000000000000003,8.5,11.700000000000001,correr
11712,2.3000000000000003,7.6000000000000005,11.700000000000001,correr
11728,0.7000000000000001,6.9,10.8,correr
11744,-0.5,6.300000000000001,10.4,correr
11760,-4.1000000000000005,4.7,10.700000000000001,correr
11776,-5.5,2.3000000000000003,10.3,correr
11792,-5.4,1,8.9,correr
11808,-4.9,-1,5.6000000000000005,correr
11824,-3.5,-2.1,4.2,correr
11840,-2.3000000000000003,-2.4000000000000004,3.9000000000000004,correr
11856,-0.8,-2.3000000000000003,3.4000000000000004,correr
11872,-1.9000000000000001,-0.5,2.7,correr
11888,-2.9000000000000004,0.9,2.5,correr
11904,-5.300000000000001,2.5,5.6000000000000005,correr
11920,-5.1000000000000005,1.5,9.200000000000001,correr
11936,-3.6,0.6000000000000001,8.8,correr
11952,-3.6,0.6000000000000001,8.8,correr
11968,-1.3,1.4000000000000001,0.6000000000000001,correr
11984,-1.9000000000000001,1.9000000000000001,-1.7000000000000002,correr
12000,-4.4,4.3,-6.4,correr
12016,-5.9,4.7,-6.800000000000001,correr
12032,-7.5,1.9000000000000001,-3.2,correr
12048,-6.5,-3.8000000000000003,2.8000000000000003,correr
12064,-5.1000000000000005,-5.7,6.9,correr
12080,-2.4000000000000004,-4.4,13.9,correr
12096,-2.4000000000000004,-0.9,14.9,correr
12112,-2.7,0.4,13.100000000000001,correr
12128,-2.3000000000000003,3.2,8.9,correr
12144,-3.1,4.2,8.1,correr
12160,-3.5,4.2,10,correr
12176,-0.7000000000000001,5.2,11.3,correr
12192,-0.4,6.7,11.600000000000001,correr
12208,-1.7000000000000002,11.8,10.200000000000001,correr
12224,-1.3,17.7,8.4,correr
12240,-0.4,19.3,8.700000000000001,correr
12256,-1.4000000000000001,18.6,16.900000000000002,correr
12272,-2.1,18.900000000000002,23.6,correr
12288,-1.7000000000000002,19.5,22.8,correr
12304,-0.8,20.5,15.3,correr
12320,0.1,20.6,11.600000000000001,correr
12336,-0.30000000000000004,19.6,11.4,correr
12352,-0.30000000000000004,19.6,11.4,correr
12368,-2.3000000000000003,13.9,16.1,correr
12384,-1.5,12,16,correr
12400,0.2,8.8,14.600000000000001,correr
12416,0.6000000000000001,7.5,13.5,correr
12432,0.1,5.300000000000001,11.4,correr
12448,-0.8,4.1000000000000005,10.5,correr
12464,-2.9000000000000004,1.8,8.3,correr
12480,-4.6000000000000005,0,6.300000000000001,correr
12496,-4.9,-0.8,5.2,correr
12512,-4.2,-2.4000000000000004,2.5,correr
12528,-2.6,-2.9000000000000004,-0.1,correr
12544,-1.8,-2.8000000000000003,-0.9,correr
12560,-0.5,-2.1,-1,correr
12576,-0.1,-1.6,-0.8,correr
12592,0.1,0.30000000000000004,-0.5,correr
12608,-1.7000000000000002,2.9000000000000004,1.1,correr
12624,-3.1,2.8000000000000003,2.3000000000000003,correr
12640,-5.1000000000000005,2.2,5.5,correr
12656,-4.7,1.9000000000000001,6,correr
12672,-4.1000000000000005,1.7000000000000002,5.4,correr
12688,-3.2,1.8,3.8000000000000003,correr
12704,-5.1000000000000005,2.6,3.1,correr
12720,-6.6000000000000005,3.3000000000000003,3.2,correr
12736,-8.5,4,2.2,correr
12752,-8.5,4,2.2,correr
12768,-7.4,2.1,2.9000000000000004,correr
12784,-5,-1.5,6.300000000000001,correr
12800,0.2,-3.2,10.9,correr
12816,2.7,-2.9000000000000004,12.4,correr
12832,4,-0.5,13.8,correr
12848,2,2.3000000000000003,13,correr
12864,1.7000000000000002,3.4000000000000004,11.600000000000001,correr
12880,3.6,5.5,9,correr
12896,4.5,7.5,8.4,correr
12912,5.7,14.8,6.7,correr
12928,6.9,19.8,5.6000000000000005,correr
12944,6.4,20.8,10,correr
12960,3.9000000000000004,19.700000000000003,25.8,correr
12976,1.9000000000000001,17.5,31.900000000000002,correr
12992,0.1,14,30.900000000000002,correr
13008,0.1,13.4,22,correr
13024,0.1,14.200000000000001,18.3,correr
13040,-1.5,13.700000000000001,13.600000000000001,correr
13056,-1.7000000000000002,11.5,11.100000000000001,correr
13072,-1.2000000000000002,10.3,10.100000000000001,correr
13088,-0.5,7.7,9.1,correr
13104,0.4,5.1000000000000005,8.9,correr
13120,0.7000000000000001,3.9000000000000004,8.700000000000001,correr
13136,-0.2,1.8,8,correr
13152,-0.2,1.8,8,correr
13168,-1.9000000000000001,0.2,7.1000000000000005,correr
13184,-2.9000000000000004,-0.7000000000000001,5.5,correr
13200,-3.1,-1,3.1,correr
13216,-2.5,-1.1,1.8,correr
13232,-1.5,-0.9,0,correr
13248,-1,-0.7000000000000001,-0.6000000000000001,correr
13264,0,-0.30000000000000004,-0.8,correr
13280,0.30000000000000004,1.1,-0.2,correr
13296,0.2,2.3000000000000003,-0.6000000000000001,correr
13312,-1.2000000000000002,4.5,-1.2000000000000002,correr
13328,-3.3000000000000003,5.4,2.2,correr
13344,-3.7,5.300000000000001,4,correr
13360,-4,4.1000000000000005,5.6000000000000005,correr
13376,-4.1000000000000005,3.4000000000000004,5.300000000000001,correr
13392,-3.4000000000000004,3.2,4,correr
13408,-3.5,2.8000000000000003,3.5,correr
13424,-3.7,2.4000000000000004,3.1,correr
13440,-3.9000000000000004,1.1,1.9000000000000001,correr
13456,-4,0.8,-0.2,correr
13472,-3.5,0,-0.6000000000000001,correr
13488,-3.4000000000000004,-2.7,3.7,correr
13504,-1.9000000000000001,-3.3000000000000003,11.3,correr
13520,-0.4,-2,16.6,correr
13536,-1,-0.7000000000000001,17.3,correr
13552,-1,-0.7000000000000001,17.3,correr
13568,-1.5,1.9000000000000001,15.100000000000001,correr
13584,0,3.5,10.4,correr
13600,0.6000000000000001,5.800000000000001,7,correr
13616,0,7.800000000000001,6.6000000000000005,correr
13632,-1.4000000000000001,12.8,6.7,correr
13648,-2.6,15.4,7,correr
13664,-6.7,18.900000000000002,13,correr
13680,-6.6000000000000005,17,20.8,correr
13696,-4.2,16.2,21.6,correr
13712,-1.1,16,20.400000000000002,correr
13728,0.30000000000000004,16.5,19.3,correr
13744,1.2000000000000002,17.400000000000002,19.700000000000003,correr
13760,0,15.9,21.5,correr
13776,-0.2,15,20.900000000000002,correr
13792,-0.7000000000000001,12.8,18.2,correr
13808,-1.5,10.600000000000001,14.700000000000001,correr
13824,-1.9000000000000001,9.4,13.100000000000001,correr
13840,-2.4000000000000004,6.800000000000001,10.3,correr
13856,-2.6,4,8.200000000000001,correr
13872,-2.8000000000000003,2.9000000000000004,7.4,correr
13888,-3.4000000000000004,0.9,7,correr
13904,-3.8000000000000003,0,6.5,correr
13920,-4.2,-1.5,4.7,correr
13936,-3.7,-2.6,3,correr
13952,-3.7,-2.6,3,correr
13968,-2,-2.6,2,correr
13984,0.5,-1.6,0.9,correr
14000,0.7000000000000001,0.1,1.7000000000000002,correr
14016,-0.7000000000000001,0.9,1.5,correr
14032,-3.5,1.1,1,correr
14048,-4.1000000000000005,0.8,1.7000000000000002,correr
14064,-3.7,0.9,1.9000000000000001,correr
14080,-3.3000000000000003,0.8,0.8,correr
14096,-1.8,1,-1.5,correr
14112,-1.6,1.2000000000000002,-1.7000000000000002,correr
14128,-2.1,1,-0.2,correr
14144,-3.5,-0.1,3.5,correr
14160,-4.7,-0.7000000000000001,5.4,correr
14176,-7,-0.7000000000000001,8.700000000000001,correr
14192,-8.4,0.7000000000000001,9,correr
14208,-7.1000000000000005,2.6,6.5,correr
14224,-6,3.6,5.300000000000001,correr
14240,-5.9,6.800000000000001,4.3,correr
14256,-6.2,8.6,4.7,correr
14272,-8.3,9.3,7,correr
14288,-6.9,11.100000000000001,7.2,correr
14304,-4.7,12,7.1000000000000005,correr
14320,-2.9000000000000004,13.9,7.7,correr
14336,0.2,17.900000000000002,8.700000000000001,correr
14352,0.2,17.900000000000002,8.700000000000001,correr
14368,-4.800000000000001,20.1,11.200000000000001,correr
14384,-10,21.3,14,correr
14400,-9.8,21.8,13.100000000000001,correr
14416,-8.9,21.1,11.600000000000001,correr
14432,-6.800000000000001,21.1,11,correr
14448,-6.2,20.400000000000002,11.100000000000001,correr
14464,-4.7,18.3,12,correr
14480,-4.1000000000000005,17.2,12.5,correr
14496,-4.5,15.5,13.700000000000001,correr
14512,-4.9,12.9,12.3,correr
14528,-4.800000000000001,11.200000000000001,10.8,correr
14544,-4.6000000000000005,8,7.5,correr
14560,-5,5.5,6.2,correr
14576,-5.2,4.2,5.9,correr
14592,-6.800000000000001,1.8,5.4,correr
14608,-7.6000000000000005,-0.2,4.2,correr
14624,-6.6000000000000005,-0.9,2.9000000000000004,correr
14640,-4.6000000000000005,-1.8,1.1,correr
14656,-3.3000000000000003,-2.2,0.4,correr
14672,-1.1,-1.1,-0.8,correr
14688,-1.9000000000000001,0.4,-0.6000000000000001,correr
14704,-4,1.5,0,correr
14720,-4.7,1.5,1.2000000000000002,correr
14736,-5.2,1.5,3.5,correr
14752,-5.2,1.5,3.5,correr
14768,-3,1.1,1.9000000000000001,correr
14784,-0.2,1.1,-0.6000000000000001,correr
14800,-0.5,2,-1,correr
14816,-3.6,1.7000000000000002,-1.5,correr
14832,-7.800000000000001,0.8,-0.4,correr
14848,-9.3,0.5,0.9,correr
14864,-9.9,0.4,3.4000000000000004,correr
14880,-9.200000000000001,0.9,4.3,correr
14896,-7.800000000000001,2.9000000000000004,4.9,correr
14912,-8,4.800000000000001,4.800000000000001,correr
14928,-8.3,5.5,4.1000000000000005,correr
14944,-6.300000000000001,6.800000000000001,1.2000000000000002,correr
14960,-5.7,7.4,0.5,correr
14976,-6.5,9.1,2.3000000000000003,correr
14992,-7.4,10.200000000000001,3.8000000000000003,correr
15008,-6.1000000000000005,11.5,3.4000000000000004,correr
15024,-1.2000000000000002,16.1,2.4000000000000004,correr
15040,-5.6000000000000005,20.200000000000003,6.7,correr
15056,-9.5,21.400000000000002,10.8,correr
15072,-15.3,24.6,15.200000000000001,correr
15088,-15.200000000000001,25.3,13,correr
15104,-14.200000000000001,25.3,12,correr
15120,-9.8,23.8,11.3,correr
15136,-8.3,20.700000000000003,13.200000000000001,correr
15152,-8.3,20.700000000000003,13.200000000000001,correr
15168,-8.3,17.1,13.8,correr
15184,-8.4,13.4,12.100000000000001,correr
15200,-8.3,11.4,10.700000000000001,correr
15216,-7.2,7.2,7.6000000000000005,correr
15232,-6.6000000000000005,5.5,6,correr
15248,-7.4,2.7,4.3,correr
15264,-7.800000000000001,0.30000000000000004,4,correr
15280,-7.6000000000000005,-0.7000000000000001,3.8000000000000003,correr
15296,-7.1000000000000005,-2.4000000000000004,2.8000000000000003,correr
15312,-6.800000000000001,-2.7,2.5,correr
15328,-7.300000000000001,-2.5,2.3000000000000003,correr
15344,-7.800000000000001,-1.9000000000000001,3,correr
15360,-7,-1.9000000000000001,2.5,correr
15376,-4.5,-1.2000000000000002,-0.2,correr
15392,-2.6,-0.9,-3.7,correr
15408,-1.9000000000000001,-0.5,-4.9,correr
15424,-1.2000000000000002,1.8,-6.2,correr
15440,-1.7000000000000002,2.9000000000000004,-7.1000000000000005,correr
15456,-1.4000000000000001,2.7,-8.1,correr
15472,-2.6,3.2,-7.800000000000001,correr
15488,-6.7,2.7,-2.8000000000000003,correr
15504,-8.4,1.8,-0.6000000000000001,correr
15520,-9.8,-0.2,2.9000000000000004,correr
15536,-9.1,-0.9,5.2,correr
15552,-9.1,-0.9,5.2,correr
15568,-7.6000000000000005,0.2,5.4,correr
15584,-7.300000000000001,2.6,3.1,correr
15600,-7.2,3.8000000000000003,1.9000000000000001,correr
15616,-9.1,6.4,0.7000000000000001,correr
15632,-10.4,7.6000000000000005,1.2000000000000002,correr
15648,-12,9.1,3.1,correr
15664,-10,9.600000000000001,3.4000000000000004,correr
15680,-8.9,10.4,2.5,correr
15696,-4.3,11.200000000000001,4.6000000000000005,correr
15712,-3,15,7.2,correr
15728,-5,17,8.700000000000001,correr
15744,-9.8,20,10.8,correr
15760,-11.4,21.200000000000003,10,correr
15776,-12.200000000000001,22,5.5,correr
15792,-9.8,21.400000000000002,1.5,correr
15808,-8.9,21.3,1.3,correr
15824,-9.700000000000001,20.5,2.6,correr
15840,-9.4,18.1,4.3,correr
15856,-8.4,16.7,5,correr
15872,-7,13.8,6.1000000000000005,correr
15888,-7.4,11.8,6.6000000000000005,correr
15904,-7.7,10.8,6.9,correr
15920,-7.9,7.4,7,correr
15936,-7.300000000000001,4.3,5.9,correr
15952,-7.300000000000001,4.3,5.9,correr
15968,-7.5,2.5,4.800000000000001,correr
15984,-8.200000000000001,1.5,3.3000000000000003,correr
16000,-8.8,1,2.7,correr
16016,-8.700000000000001,-0.1,0.8,correr
16032,-8.5,-0.30000000000000004,-0.1,correr
16048,-7,-0.2,-0.5,correr
16064,-3.9000000000000004,0,-0.2,correr
16080,-2,0,-0.4,correr
16096,0,0.5,-1.7000000000000002,correr
16112,-0.1,1.3,-2.1,correr
16128,-0.7000000000000001,3.2,-1.3,correr
16144,-1.8,3.2,-1.9000000000000001,correr
16160,-1.9000000000000001,3,-2.6,correr
16176,-1.8,3.5,-2.7,correr
16192,-2.9000000000000004,3.7,-1.4000000000000001,correr
16208,-6.800000000000001,3.2,1.8,correr
16224,-9.700000000000001,2.9000000000000004,3,correr
16240,-10.3,2.6,2.8000000000000003,correr
16256,-9,2.2,1.7000000000000002,correr
16272,-5.800000000000001,1.6,0.8,correr
16288,-3.7,1.7000000000000002,-0.1,correr
16304,-3.8000000000000003,2.2,-0.30000000000000004,correr
16320,-5.9,3.9000000000000004,0.6000000000000001,correr
16336,-7.300000000000001,5.1000000000000005,1.3,correr
16352,-7.300000000000001,5.1000000000000005,1.3,correr
16368,-9.600000000000001,9.9,4.4,correr
16384,-9.600000000000001,11.200000000000001,5.2,correr
16400,-6.7,13.700000000000001,6.1000000000000005,correr
16416,-3.4000000000000004,18.1,8.9,correr
16432,-6.4,19.8,11.600000000000001,correr
16448,-15.4,21.5,18.2,correr
16464,-12.600000000000001,20.8,17.6,correr
16480,-9,20.400000000000002,14.5,correr
16496,-5.4,19.900000000000002,10.200000000000001,correr
16512,-5.2,20,8.700000000000001,correr
16528,-6.4,19.8,8.4,correr
16544,-7,17.400000000000002,7,correr
16560,-6.800000000000001,16.1,7.2,correr
16576,-6.1000000000000005,12.600000000000001,6.800000000000001,correr
16592,-5.5,11,6.800000000000001,correr
16608,-4.6000000000000005,8.200000000000001,6,correr
16624,-4.7,5.9,5.5,correr
16640,-5.300000000000001,4.9,5.300000000000001,correr
16656,-6.300000000000001,2.8000000000000003,4.9,correr
16672,-5.9,0.8,3.9000000000000004,correr
16688,-5.1000000000000005,-0.2,3.1,correr
16704,-3.8000000000000003,-1.2000000000000002,2.2,correr
16720,-2.7,-1.9000000000000001,2.1,correr
16736,-2,-1.9000000000000001,2.1,correr
16752,-2,-1.9000000000000001,2.1,correr
16768,-0.6000000000000001,0.2,0,correr
16784,-2.1,0.7000000000000001,-1.6,correr
16800,-2.6,0.8,-2.2,correr
16816,-2.7,0.7000000000000001,-2.4000000000000004,correr
16832,-1.8,0.8,-2.4000000000000004,correr
16848,0.9,1,-4.5,correr
16864,1.4000000000000001,1.2000000000000002,-5.5,correr
16880,-0.5,1.4000000000000001,-5.4,correr
16896,-4.2,1,-3.6,correr
16912,-6.5,0.5,-2.4000000000000004,correr
16928,-8.8,-0.2,-0.30000000000000004,correr
16944,-8.700000000000001,-0.1,0.5,correr
16960,-10.8,1.1,3.5,correr
16976,-13.5,4.2,7.5,correr
16992,-13.700000000000001,5.7,9.1,correr
17008,-11.600000000000001,7.9,9.600000000000001,correr
17024,-11,9.200000000000001,9.700000000000001,correr
17040,-10.700000000000001,9.700000000000001,9.5,correr
17056,-7.9,9.700000000000001,7.800000000000001,correr
17072,-3.9000000000000004,10.5,6.6000000000000005,correr
17088,-2.4000000000000004,12,7.6000000000000005,correr
17104,-3.9000000000000004,18,9.9,correr
17120,-11.700000000000001,21.200000000000003,9.3,correr
17136,-13.700000000000001,21.3,8.700000000000001,correr
17152,-13.700000000000001,21.3,8.700000000000001,correr
17168,-9.600000000000001,20.5,5.800000000000001,correr
17184,-8,19.700000000000003,5.7,correr
17200,-5.7,18,5.800000000000001,correr
17216,-4.4,16.3,6.800000000000001,correr
17232,-4.5,15.4,7.7,correr
17248,-5,13.8,8.4,correr
17264,-5.2,13,8.6,correr
17280,-5.7,11.200000000000001,8.8,correr
17296,-6.7,8.9,8.5,correr
17312,-7.1000000000000005,7.7,7.800000000000001,correr
17328,-7.300000000000001,5.300000000000001,5.9,correr
17344,-7.5,4.2,5.2,correr
17360,-7.7,2.3000000000000003,4.2,correr
17376,-7.4,1.3,3.4000000000000004,correr
17392,-6.1000000000000005,0.1,1.8,correr
17408,-4.4,-0.5,1,correr
17424,-1.9000000000000001,-0.2,1.2000000000000002,correr
17440,-0.2,0.6000000000000001,1,correr
17456,0.1,3.1,0.7000000000000001,correr
17472,-2.4000000000000004,3.7,-0.30000000000000004,correr
17488,-3.5,4.1000000000000005,-1,correr
17504,-4.2,5,-2.2,correr
17520,-1.8,4.800000000000001,-4.2,correr
17536,-0.8,4.5,-5.1000000000000005,correr
17552,-0.8,4.5,-5.1000000000000005,correr
17568,-2.6,3.7,-4.6000000000000005,correr
17584,-3.9000000000000004,2.9000000000000004,-3.4000000000000004,correr
17600,-6,1,0,correr
17616,-5.800000000000001,-0.8,2.6,correr
17632,-5.5,-1.1,3.4000000000000004,correr
17648,-4.9,-0.6000000000000001,4,correr
17664,-4.6000000000000005,-0.4,3.6,correr
17680,-4.5,0.6000000000000001,2.5,correr
17696,-6.7,2.7,0.9,correr
17712,-7.4,4,-0.2,correr
17728,-8.700000000000001,7.2,-1.7000000000000002,correr
17744,-9.600000000000001,8.700000000000001,-1.8,correr
17760,-11.9,10.700000000000001,-0.2,correr
17776,-9.600000000000001,11.600000000000001,1.6,correr
17792,-7.800000000000001,12.9,2.6,correr
17808,-9.9,17.400000000000002,6.300000000000001,correr
17824,-18.3,20.700000000000003,12.100000000000001,correr
17840,-19.6,22,13.4,correr
17856,-16.2,22.200000000000003,10.100000000000001,correr
17872,-12.100000000000001,21,8,correr
17888,-10.3,20.200000000000003,8.1,correr
17904,-7.1000000000000005,17.400000000000002,9.9,correr
17920,-6,16.1,10.9,correr
17936,-6.1000000000000005,14.200000000000001,12.600000000000001,correr
17952,-6.1000000000000005,14.200000000000001,12.600000000000001,correr
17968,-8.1,10.600000000000001,10.700000000000001,correr
17984,-7.6000000000000005,8.6,8.9,correr
18000,-7.2,5.1000000000000005,5.800000000000001,correr
18016,-7.9,3.5,4.7,correr
18032,-7.800000000000001,0.4,2.4000000000000004,correr
18048,-5.9,-1.4000000000000001,1.1,correr
18064,-5,-2,1.1,correr
18080,-2.7,-2.4000000000000004,1.8,correr
18096,-1.7000000000000002,-1.9000000000000001,2.3000000000000003,correr
18112,0,0,1.9000000000000001,correr
18128,-2.3000000000000003,1.6,0.30000000000000004,correr
18144,-4.1000000000000005,2.2,-0.5,correr
18160,-5.1000000000000005,3.4000000000000004,-2.7,correr
18176,-3.8000000000000003,3.2,-3.7,correr
18192,-2.3000000000000003,2.6,-4.1000000000000005,correr
18208,1.7000000000000002,1,-5.2,correr
18224,2.7,0.7000000000000001,-5.300000000000001,correr
18240,2,-0.5,-4.3,correr
18256,-1.3,-2.4000000000000004,-2.5,correr
18272,-6.300000000000001,-2.4000000000000004,-0.1,correr
18288,-8.8,-1.8,1,correr
18304,-11.700000000000001,-0.2,2.3000000000000003,correr
18320,-11.5,0.4,1.8,correr
18336,-10.4,1.3,0.7000000000000001,correr
18352,-10.4,1.3,0.7000000000000001,correr
18368,-8.5,2.5,2,correr
18384,-7.6000000000000005,2.9000000000000004,2.8000000000000003,correr
18400,-7.1000000000000005,5.300000000000001,5.5,correr
18416,-8,6.9,6.5,correr
18432,-12.4,9.8,8.4,correr
18448,-12.3,12.100000000000001,8.200000000000001,correr
18464,-9.9,12.100000000000001,7.4,correr
18480,-5,13.5,6.9,correr
18496,-5.800000000000001,15.5,8.1,correr
18512,-14,17.7,12.100000000000001,correr
18528,-16.7,19.700000000000003,11.8,correr
18544,-14.8,20.1,9.700000000000001,correr
18560,-12.4,20,6.800000000000001,correr
18576,-12.600000000000001,20.1,6.300000000000001,correr
18592,-14.3,19.700000000000003,7.4,correr
18608,-13.4,17.400000000000002,8.200000000000001,correr
18624,-11.5,15.8,8.1,correr
18640,-8.5,13.3,7.7,correr
18656,-7.800000000000001,11.700000000000001,8.5,correr
18672,-8,10.9,8.5,correr
18688,-9.4,9,7.4,correr
18704,-9.1,6.2,6.1000000000000005,correr
18720,-8.9,4.6000000000000005,5.6000000000000005,correr
18736,-8.700000000000001,2,5,correr
18752,-8.700000000000001,2,5,correr
18768,-7.800000000000001,-1.1,4.1000000000000005,correr
18784,-7.2,-2.1,3.5,correr
18800,-4.3,-3.4000000000000004,1.4000000000000001,correr
18816,-2.3000000000000003,-3.4000000000000004,0.7000000000000001,correr
18832,0.1,-1.4000000000000001,0.30000000000000004,correr
18848,-0.9,0.2,0.1,correr
18864,-1.7000000000000002,0.6000000000000001,-0.8,correr
18880,-2.1,1.7000000000000002,-2.6,correr
18896,-1.2000000000000002,1.9000000000000001,-2.9000000000000004,correr
18912,0.8,1.2000000000000002,-3.4000000000000004,correr
18928,4.800000000000001,0.9,-5.1000000000000005,correr
18944,6,1.4000000000000001,-5.1000000000000005,correr
18960,2.2,2.5,-2.2,correr
18976,-6.6000000000000005,3.4000000000000004,1.7000000000000002,correr
18992,-10.100000000000001,4.2,3.7,correr
19008,-12,4.2,5.1000000000000005,correr
19024,-9.8,3.5,4.1000000000000005,correr
19040,-5.1000000000000005,2,1.8,correr
19056,-1.3,2.1,-0.6000000000000001,correr
19072,-1.4000000000000001,2.7,-0.8,correr
19088,-5.300000000000001,4.6000000000000005,1.4000000000000001,correr
19104,-7.6000000000000005,5.800000000000001,2.8000000000000003,correr
19120,-9.5,8.5,4.5,correr
19136,-8,10.3,3.6,correr
19152,-8,10.3,3.6,correr
19168,-2.6,13.600000000000001,3.2,correr
19184,-1.6,15.600000000000001,4.4,correr
19200,-7.300000000000001,18.900000000000002,8.6,correr
19216,-11.8,20.1,11.3,correr
19232,-14.100000000000001,21.5,12.8,correr
19248,-9.3,21.8,9.3,correr
19264,-7.7,21.700000000000003,8.200000000000001,correr
19280,-6.800000000000001,21.8,8.5,correr
19296,-7.300000000000001,21.6,9.4,correr
19312,-8.200000000000001,20.3,10.200000000000001,correr
19328,-8.1,19,10,correr
19344,-6.5,15.600000000000001,8.9,correr
19360,-4.9,11.9,7,correr
19376,-4.4,10.3,5.9,correr
19392,-4.2,7.1000000000000005,4.1000000000000005,correr
19408,-4.6000000000000005,5.9,3.5,correr
19424,-5.5,3.6,3.6,correr
19440,-5.9,1.3,3.7,correr
19456,-4.800000000000001,-0.1,2.8000000000000003,correr
19472,-4.1000000000000005,-0.30000000000000004,2.4000000000000004,correr
19488,-2.5,-0.2,2.5,correr
19504,-1,-0.1,2.5,correr
19520,2.3000000000000003,0.9,1.5,correr
19536,1.8,2.9000000000000004,-0.1,correr
19552,1.8,2.9000000000000004,-0.1,correr
19568,-1.3,3.3000000000000003,-1.6,correr
19584,-3,4.4,-2.1,correr
19600,-1.6,3.8000000000000003,-1.9000000000000001,correr
19616,-0.2,3.4000000000000004,-2.1,correr
19632,1.4000000000000001,3,-2.4000000000000004,correr
19648,0.9,2.9000000000000004,-2.3000000000000003,correr
19664,-1.7000000000000002,2.4000000000000004,-1.2000000000000002,correr
19680,-4.1000000000000005,1.7000000000000002,0.7000000000000001,correr
19696,-5.1000000000000005,1.4000000000000001,1.2000000000000002,correr
19712,-6.1000000000000005,1,2.1,correr
19728,-5.7,0.9,2.3000000000000003,correr
19744,-4.3,1.1,1.9000000000000001,correr
19760,-3.6,1.8,0.9,correr
19776,-3.5,2.5,0.2,correr
19792,-5,4.3,0.2,correr
19808,-7.6000000000000005,6.800000000000001,3.1,correr
19824,-8.5,7.800000000000001,4.9,correr
19840,-5.7,9.1,6.6000000000000005,correr
19856,-1.9000000000000001,13.200000000000001,6.7,correr
19872,-4.1000000000000005,16.1,7.800000000000001,correr
19888,-14.3,20.700000000000003,11.9,correr
19904,-16.8,21.8,12.8,correr
19920,-14.600000000000001,21.5,11.5,correr
19936,-12.4,20.5,10.4,correr
19952,-12.4,20.5,10.4,correr
19968,-9.600000000000001,18.8,10.5,correr
19984,-7.6000000000000005,17.400000000000002,9.700000000000001,correr
